	TGrepID	Sentence	Every	A	The	Other	Wh	ModalPresent
51	176495:4	what did you do *t*-1 when your kids were growing up *t*-2?	0.2947368421052630	0.358421052631579	0.29421052631579000	0.05263157894736840	what	0
1	165968:23	"what do you, what do you looking for *t*-1 in, in those?"	0.2611111111111110	0.15166666666666700	0.4144444444444450	0.17277777777777800	what	0
494	152309:4	"what do you consider *t*-1 most important, you think, in terms of, of the different benefits?"	0.12000000000000000	0.1477777777777780	0.6111111111111110	0.1211111111111110	what	0
562	149292:9	"uh, what are the ages of your kids *t*-1 then?"	0.4605263157894740	0.04157894736842110	0.31894736842105300	0.17894736842105300	what	0
356	163081:9	"oh, what's that called *-2 *t*-1,"	0.0015	0.038	0.958	0.0025	what	0
